"Count","Source","Type","LiveAction","YearMade","PlexTitle","Episode","EpisodeName","StoryTime","PlexId","imdb","tmdb","tvdb"
1,"MGM","Film","True",1994,"FILMS",,"Stargate",,"NULL","NULL","NULL","NULL"
2,"MGM","Film","True",2018,"FILMS",,"Stargate Origins: Catherine",,"NULL","NULL","NULL","NULL"
3,"COMMAND","Show","True",2018,"Stargate Origins","s01e01","Episode 1",,"NULL","NULL","NULL","NULL"
4,"COMMAND","Show","True",2018,"Stargate Origins","s01e02","Episode 2",,"NULL","NULL","NULL","NULL"
5,"COMMAND","Show","True",2018,"Stargate Origins","s01e03","Episode 3",,"NULL","NULL","NULL","NULL"
6,"COMMAND","Show","True",2018,"Stargate Origins","s01e04","Episode 4",,"NULL","NULL","NULL","NULL"
7,"COMMAND","Show","True",2018,"Stargate Origins","s01e05","Episode 5",,"NULL","NULL","NULL","NULL"
8,"COMMAND","Show","True",2018,"Stargate Origins","s01e06","Episode 6",,"NULL","NULL","NULL","NULL"
9,"COMMAND","Show","True",2018,"Stargate Origins","s01e07","Episode 7",,"NULL","NULL","NULL","NULL"
10,"COMMAND","Show","True",2018,"Stargate Origins","s01e08","Episode 8",,"NULL","NULL","NULL","NULL"
11,"COMMAND","Show","True",2018,"Stargate Origins","s01e09","Episode 9",,"NULL","NULL","NULL","NULL"
12,"COMMAND","Show","True",2018,"Stargate Origins","s01e10","Episode 10",,"NULL","NULL","NULL","NULL"
13,"SCI_FI","Show","True",1997,"Stargate SG-1","s01e01","Children of the Gods (1)",,"NULL","NULL","NULL","NULL"
14,"SCI_FI","Show","True",1997,"Stargate SG-1","s01e02","Children of the Gods (2)",,"NULL","NULL","NULL","NULL"
15,"SCI_FI","Show","True",1997,"Stargate SG-1","s01e03","The Enemy Within",,"NULL","NULL","NULL","NULL"
16,"SCI_FI","Show","True",1997,"Stargate SG-1","s01e04","Emancipation",,"NULL","NULL","NULL","NULL"
17,"SCI_FI","Show","True",1997,"Stargate SG-1","s01e05","The Broca Divide",,"NULL","NULL","NULL","NULL"
18,"SCI_FI","Show","True",1997,"Stargate SG-1","s01e06","The First Commandment",,"NULL","NULL","NULL","NULL"
19,"SCI_FI","Show","True",1997,"Stargate SG-1","s01e07","Cold Lazarus",,"NULL","NULL","NULL","NULL"
20,"SCI_FI","Show","True",1997,"Stargate SG-1","s01e08","The Nox",,"NULL","NULL","NULL","NULL"
21,"SCI_FI","Show","True",1997,"Stargate SG-1","s01e09","Brief Candle",,"NULL","NULL","NULL","NULL"
22,"SCI_FI","Show","True",1997,"Stargate SG-1","s01e10","Thor's Hammer",,"NULL","NULL","NULL","NULL"
23,"SCI_FI","Show","True",1997,"Stargate SG-1","s01e11","The Torment of Tantalus",,"NULL","NULL","NULL","NULL"
24,"SCI_FI","Show","True",1997,"Stargate SG-1","s01e12","Bloodlines",,"NULL","NULL","NULL","NULL"
25,"SCI_FI","Show","True",1997,"Stargate SG-1","s01e13","Fire and Water",,"NULL","NULL","NULL","NULL"
26,"SCI_FI","Show","True",1997,"Stargate SG-1","s01e14","Hathor",,"NULL","NULL","NULL","NULL"
27,"SCI_FI","Show","True",1997,"Stargate SG-1","s01e15","Singularity",,"NULL","NULL","NULL","NULL"
28,"SCI_FI","Show","True",1998,"Stargate SG-1","s01e16","Cor-Ai",,"NULL","NULL","NULL","NULL"
29,"SCI_FI","Show","True",1998,"Stargate SG-1","s01e17","Enigma",,"NULL","NULL","NULL","NULL"
30,"SCI_FI","Show","True",1998,"Stargate SG-1","s01e18","Solitudes",,"NULL","NULL","NULL","NULL"
31,"SCI_FI","Show","True",1998,"Stargate SG-1","s01e19","Tin Man",,"NULL","NULL","NULL","NULL"
32,"SCI_FI","Show","True",1998,"Stargate SG-1","s01e20","There But For the Grace of God",,"NULL","NULL","NULL","NULL"
33,"SCI_FI","Show","True",1998,"Stargate SG-1","s01e21","Politics (1)",,"NULL","NULL","NULL","NULL"
34,"SCI_FI","Show","True",1998,"Stargate SG-1","s01e21","Politics",,"NULL","NULL","NULL","NULL"
35,"SCI_FI","Show","True",1998,"Stargate SG-1","s01e22","Within the Serpent's Grasp (2)",,"NULL","NULL","NULL","NULL"
36,"SCI_FI","Show","True",1998,"Stargate SG-1","s01e22","Within the Serpent's Grasp",,"NULL","NULL","NULL","NULL"
37,"SCI_FI","Show","True",1998,"Stargate SG-1","s02e01","The Serpent's Lair (3)",,"NULL","NULL","NULL","NULL"
38,"SCI_FI","Show","True",1998,"Stargate SG-1","s02e01","The Serpent's Lair",,"NULL","NULL","NULL","NULL"
39,"SCI_FI","Show","True",1998,"Stargate SG-1","s02e02","In the Line of Duty",,"NULL","NULL","NULL","NULL"
40,"SCI_FI","Show","True",1998,"Stargate SG-1","s02e03","Prisoners",,"NULL","NULL","NULL","NULL"
41,"SCI_FI","Show","True",1998,"Stargate SG-1","s02e04","The Gamekeeper",,"NULL","NULL","NULL","NULL"
42,"SCI_FI","Show","True",1998,"Stargate SG-1","s02e05","Need",,"NULL","NULL","NULL","NULL"
43,"SCI_FI","Show","True",1998,"Stargate SG-1","s02e06","Thor's Chariot",,"NULL","NULL","NULL","NULL"
44,"SCI_FI","Show","True",1998,"Stargate SG-1","s02e07","Message in a Bottle",,"NULL","NULL","NULL","NULL"
45,"SCI_FI","Show","True",1998,"Stargate SG-1","s02e08","Family",,"NULL","NULL","NULL","NULL"
46,"SCI_FI","Show","True",1998,"Stargate SG-1","s02e09","Secrets",,"NULL","NULL","NULL","NULL"
47,"SCI_FI","Show","True",1998,"Stargate SG-1","s02e10","Bane",,"NULL","NULL","NULL","NULL"
48,"SCI_FI","Show","True",1998,"Stargate SG-1","s02e11","The Tok'ra (1)",,"NULL","NULL","NULL","NULL"
49,"SCI_FI","Show","True",1998,"Stargate SG-1","s02e12","The Tok'ra (2)",,"NULL","NULL","NULL","NULL"
50,"SCI_FI","Show","True",1998,"Stargate SG-1","s02e13","Spirits",,"NULL","NULL","NULL","NULL"
51,"SCI_FI","Show","True",1998,"Stargate SG-1","s02e14","Touchstone",,"NULL","NULL","NULL","NULL"
52,"SCI_FI","Show","True",1999,"Stargate SG-1","s02e15","The Fifth Race",,"NULL","NULL","NULL","NULL"
53,"SCI_FI","Show","True",1999,"Stargate SG-1","s02e16","A Matter of Time",,"NULL","NULL","NULL","NULL"
54,"SCI_FI","Show","True",1999,"Stargate SG-1","s02e17","Holiday",,"NULL","NULL","NULL","NULL"
55,"SCI_FI","Show","True",1999,"Stargate SG-1","s02e18","Serpent's Song",,"NULL","NULL","NULL","NULL"
56,"SCI_FI","Show","True",1999,"Stargate SG-1","s02e19","One False Step",,"NULL","NULL","NULL","NULL"
57,"SCI_FI","Show","True",1999,"Stargate SG-1","s02e20","Show and Tell",,"NULL","NULL","NULL","NULL"
58,"SCI_FI","Show","True",1999,"Stargate SG-1","s02e21","1969",,"NULL","NULL","NULL","NULL"
59,"SCI_FI","Show","True",1999,"Stargate SG-1","s02e22","Out of Mind (1)",,"NULL","NULL","NULL","NULL"
60,"SCI_FI","Show","True",1999,"Stargate SG-1","s03e01","Into the Fire (2)",,"NULL","NULL","NULL","NULL"
61,"SCI_FI","Show","True",1999,"Stargate SG-1","s03e02","Seth",,"NULL","NULL","NULL","NULL"
62,"SCI_FI","Show","True",1999,"Stargate SG-1","s03e03","Fair Game",,"NULL","NULL","NULL","NULL"
63,"SCI_FI","Show","True",1999,"Stargate SG-1","s03e04","Legacy",,"NULL","NULL","NULL","NULL"
64,"SCI_FI","Show","True",1999,"Stargate SG-1","s03e05","Learning Curve",,"NULL","NULL","NULL","NULL"
65,"SCI_FI","Show","True",1999,"Stargate SG-1","s03e06","Point of View",,"NULL","NULL","NULL","NULL"
66,"SCI_FI","Show","True",1999,"Stargate SG-1","s03e07","Deadman Switch",,"NULL","NULL","NULL","NULL"
67,"SCI_FI","Show","True",1999,"Stargate SG-1","s03e08","Demons",,"NULL","NULL","NULL","NULL"
68,"SCI_FI","Show","True",1999,"Stargate SG-1","s03e09","Rules of Engagement",,"NULL","NULL","NULL","NULL"
69,"SCI_FI","Show","True",1999,"Stargate SG-1","s03e10","Forever in a Day",,"NULL","NULL","NULL","NULL"
70,"SCI_FI","Show","True",1999,"Stargate SG-1","s03e11","Past and Present",,"NULL","NULL","NULL","NULL"
71,"SCI_FI","Show","True",1999,"Stargate SG-1","s03e12","Jolinar's Memories (1)",,"NULL","NULL","NULL","NULL"
72,"SCI_FI","Show","True",1999,"Stargate SG-1","s03e13","The Devil You Know (2)",,"NULL","NULL","NULL","NULL"
73,"SCI_FI","Show","True",1999,"Stargate SG-1","s03e14","Foothold",,"NULL","NULL","NULL","NULL"
74,"SCI_FI","Show","True",1999,"Stargate SG-1","s03e15","Pretense",,"NULL","NULL","NULL","NULL"
75,"SCI_FI","Show","True",1999,"Stargate SG-1","s03e16","Urgo",,"NULL","NULL","NULL","NULL"
76,"SCI_FI","Show","True",2000,"Stargate SG-1","s03e17","A Hundred Days",,"NULL","NULL","NULL","NULL"
77,"SCI_FI","Show","True",2000,"Stargate SG-1","s03e18","Shades of Grey",,"NULL","NULL","NULL","NULL"
78,"SCI_FI","Show","True",2000,"Stargate SG-1","s03e19","New Ground",,"NULL","NULL","NULL","NULL"
79,"SCI_FI","Show","True",2000,"Stargate SG-1","s03e20","Maternal Instinct",,"NULL","NULL","NULL","NULL"
80,"SCI_FI","Show","True",2000,"Stargate SG-1","s03e21","Crystal Skull",,"NULL","NULL","NULL","NULL"
81,"SCI_FI","Show","True",2000,"Stargate SG-1","s03e22","Nemesis (1)",,"NULL","NULL","NULL","NULL"
82,"SCI_FI","Show","True",2000,"Stargate SG-1","s04e01","Small Victories (2)",,"NULL","NULL","NULL","NULL"
83,"SCI_FI","Show","True",2000,"Stargate SG-1","s04e02","The Other Side",,"NULL","NULL","NULL","NULL"
84,"SCI_FI","Show","True",2000,"Stargate SG-1","s04e03","Upgrades",,"NULL","NULL","NULL","NULL"
85,"SCI_FI","Show","True",2000,"Stargate SG-1","s04e04","Crossroads",,"NULL","NULL","NULL","NULL"
86,"SCI_FI","Show","True",2000,"Stargate SG-1","s04e05","Divide and Conquer",,"NULL","NULL","NULL","NULL"
87,"SCI_FI","Show","True",2000,"Stargate SG-1","s04e06","Window of Opportunity",,"NULL","NULL","NULL","NULL"
88,"SCI_FI","Show","True",2000,"Stargate SG-1","s04e07","Watergate",,"NULL","NULL","NULL","NULL"
89,"SCI_FI","Show","True",2000,"Stargate SG-1","s04e08","The First Ones",,"NULL","NULL","NULL","NULL"
90,"SCI_FI","Show","True",2000,"Stargate SG-1","s04e09","Scorched Earth",,"NULL","NULL","NULL","NULL"
91,"SCI_FI","Show","True",2000,"Stargate SG-1","s04e10","Beneath the Surface",,"NULL","NULL","NULL","NULL"
92,"SCI_FI","Show","True",2000,"Stargate SG-1","s04e11","Point of No Return",,"NULL","NULL","NULL","NULL"
93,"SCI_FI","Show","True",2000,"Stargate SG-1","s04e12","Tangent",,"NULL","NULL","NULL","NULL"
94,"SCI_FI","Show","True",2000,"Stargate SG-1","s04e13","The Curse",,"NULL","NULL","NULL","NULL"
95,"SCI_FI","Show","True",2000,"Stargate SG-1","s04e14","The Serpent's Venom",,"NULL","NULL","NULL","NULL"
96,"SCI_FI","Show","True",2001,"Stargate SG-1","s04e15","Chain Reaction",,"NULL","NULL","NULL","NULL"
97,"SCI_FI","Show","True",2001,"Stargate SG-1","s04e16","2010",,"NULL","NULL","NULL","NULL"
98,"SCI_FI","Show","True",2001,"Stargate SG-1","s04e17","Absolute Power",,"NULL","NULL","NULL","NULL"
99,"SCI_FI","Show","True",2001,"Stargate SG-1","s04e18","The Light",,"NULL","NULL","NULL","NULL"
100,"SCI_FI","Show","True",2001,"Stargate SG-1","s04e19","Prodigy",,"NULL","NULL","NULL","NULL"
101,"SCI_FI","Show","True",2001,"Stargate SG-1","s04e20","Entity",,"NULL","NULL","NULL","NULL"
102,"SCI_FI","Show","True",2001,"Stargate SG-1","s04e21","Double Jeopardy",,"NULL","NULL","NULL","NULL"
103,"SCI_FI","Show","True",2001,"Stargate SG-1","s04e22","Exodus (1)",,"NULL","NULL","NULL","NULL"
104,"SCI_FI","Show","True",2001,"Stargate SG-1","s05e01","Enemies (2)",,"NULL","NULL","NULL","NULL"
105,"SCI_FI","Show","True",2001,"Stargate SG-1","s05e02","Threshold (3)",,"NULL","NULL","NULL","NULL"
106,"SCI_FI","Show","True",2001,"Stargate SG-1","s05e03","Ascension",,"NULL","NULL","NULL","NULL"
107,"SCI_FI","Show","True",2001,"Stargate SG-1","s05e04","The Fifth Man",,"NULL","NULL","NULL","NULL"
108,"SCI_FI","Show","True",2001,"Stargate SG-1","s05e05","Red Sky",,"NULL","NULL","NULL","NULL"
109,"SCI_FI","Show","True",2001,"Stargate SG-1","s05e06","Rite of Passage",,"NULL","NULL","NULL","NULL"
110,"SCI_FI","Show","True",2001,"Stargate SG-1","s05e07","Beast of Burden",,"NULL","NULL","NULL","NULL"
111,"SCI_FI","Show","True",2001,"Stargate SG-1","s05e08","The Tomb",,"NULL","NULL","NULL","NULL"
112,"SCI_FI","Show","True",2001,"Stargate SG-1","s05e09","Between Two Fires",,"NULL","NULL","NULL","NULL"
113,"SCI_FI","Show","True",2001,"Stargate SG-1","s05e10","2001",,"NULL","NULL","NULL","NULL"
114,"SCI_FI","Show","True",2001,"Stargate SG-1","s05e11","Desperate Measures",,"NULL","NULL","NULL","NULL"
115,"SCI_FI","Show","True",2001,"Stargate SG-1","s05e12","Wormhole X-Treme!",,"NULL","NULL","NULL","NULL"
116,"SCI_FI","Show","True",2002,"Stargate SG-1","s05e13","Proving Ground",,"NULL","NULL","NULL","NULL"
117,"SCI_FI","Show","True",2002,"Stargate SG-1","s05e14","48 Hours",,"NULL","NULL","NULL","NULL"
118,"SCI_FI","Show","True",2002,"Stargate SG-1","s05e15","Summit (1)",,"NULL","NULL","NULL","NULL"
119,"SCI_FI","Show","True",2002,"Stargate SG-1","s05e16","Last Stand (2)",,"NULL","NULL","NULL","NULL"
120,"SCI_FI","Show","True",2002,"Stargate SG-1","s05e17","Fail Safe",,"NULL","NULL","NULL","NULL"
121,"SCI_FI","Show","True",2002,"Stargate SG-1","s05e18","The Warrior",,"NULL","NULL","NULL","NULL"
122,"SCI_FI","Show","True",2002,"Stargate SG-1","s05e19","Menace",,"NULL","NULL","NULL","NULL"
123,"SCI_FI","Show","True",2002,"Stargate SG-1","s05e20","The Sentinel",,"NULL","NULL","NULL","NULL"
124,"SCI_FI","Show","True",2002,"Stargate SG-1","s05e21","Meridian",,"NULL","NULL","NULL","NULL"
125,"SCI_FI","Show","True",2002,"Stargate SG-1","s05e22","Revelations",,"NULL","NULL","NULL","NULL"
126,"SCI_FI","Show","True",2002,"Stargate SG-1","s06e01","Redemption (1)",,"NULL","NULL","NULL","NULL"
127,"SCI_FI","Show","True",2002,"Stargate SG-1","s06e02","Redemption (2)",,"NULL","NULL","NULL","NULL"
128,"SCI_FI","Show","True",2002,"Stargate SG-1","s06e03","Descent",,"NULL","NULL","NULL","NULL"
129,"SCI_FI","Show","True",2002,"Stargate SG-1","s06e04","Frozen",,"NULL","NULL","NULL","NULL"
130,"SCI_FI","Show","True",2002,"Stargate SG-1","s06e05","Nightwalkers",,"NULL","NULL","NULL","NULL"
131,"SCI_FI","Show","True",2002,"Stargate SG-1","s06e06","Abyss",,"NULL","NULL","NULL","NULL"
132,"SCI_FI","Show","True",2002,"Stargate SG-1","s06e07","Shadow Play",,"NULL","NULL","NULL","NULL"
133,"SCI_FI","Show","True",2002,"Stargate SG-1","s06e08","The Other Guys",,"NULL","NULL","NULL","NULL"
134,"SCI_FI","Show","True",2002,"Stargate SG-1","s06e09","Allegiance",,"NULL","NULL","NULL","NULL"
135,"SCI_FI","Show","True",2002,"Stargate SG-1","s06e10","Cure",,"NULL","NULL","NULL","NULL"
136,"SCI_FI","Show","True",2002,"Stargate SG-1","s06e11","Prometheus (1)",,"NULL","NULL","NULL","NULL"
137,"SCI_FI","Show","True",2002,"Stargate SG-1","s06e12","Unnatural Selection (2)",,"NULL","NULL","NULL","NULL"
138,"SCI_FI","Show","True",2002,"Stargate SG-1","s06e13","Sight Unseen",,"NULL","NULL","NULL","NULL"
139,"SCI_FI","Show","True",2002,"Stargate SG-1","s06e14","Smoke & Mirrors",,"NULL","NULL","NULL","NULL"
140,"SCI_FI","Show","True",2003,"Stargate SG-1","s06e15","Paradise Lost",,"NULL","NULL","NULL","NULL"
141,"SCI_FI","Show","True",2003,"Stargate SG-1","s06e16","Metamorphosis",,"NULL","NULL","NULL","NULL"
142,"SCI_FI","Show","True",2003,"Stargate SG-1","s06e17","Disclosure",,"NULL","NULL","NULL","NULL"
143,"SCI_FI","Show","True",2003,"Stargate SG-1","s06e18","Forsaken",,"NULL","NULL","NULL","NULL"
144,"SCI_FI","Show","True",2003,"Stargate SG-1","s06e19","The Changeling",,"NULL","NULL","NULL","NULL"
145,"SCI_FI","Show","True",2003,"Stargate SG-1","s06e20","Memento",,"NULL","NULL","NULL","NULL"
146,"SCI_FI","Show","True",2003,"Stargate SG-1","s06e21","Prophecy",,"NULL","NULL","NULL","NULL"
147,"SCI_FI","Show","True",2003,"Stargate SG-1","s06e22","Full Circle",,"NULL","NULL","NULL","NULL"
148,"SCI_FI","Show","True",2003,"Stargate SG-1","s07e01","Fallen (1)",,"NULL","NULL","NULL","NULL"
149,"SCI_FI","Show","True",2003,"Stargate SG-1","s07e02","Homecoming (2)",,"NULL","NULL","NULL","NULL"
150,"SCI_FI","Show","True",2003,"Stargate SG-1","s07e03","Fragile Balance",,"NULL","NULL","NULL","NULL"
151,"SCI_FI","Show","True",2003,"Stargate SG-1","s07e04","Orpheus",,"NULL","NULL","NULL","NULL"
152,"SCI_FI","Show","True",2003,"Stargate SG-1","s07e05","Revisions",,"NULL","NULL","NULL","NULL"
153,"SCI_FI","Show","True",2003,"Stargate SG-1","s07e06","Lifeboat",,"NULL","NULL","NULL","NULL"
154,"SCI_FI","Show","True",2003,"Stargate SG-1","s07e07","Enemy Mine",,"NULL","NULL","NULL","NULL"
155,"SCI_FI","Show","True",2003,"Stargate SG-1","s07e08","Space Race",,"NULL","NULL","NULL","NULL"
156,"SCI_FI","Show","True",2003,"Stargate SG-1","s07e09","Avenger 2.0",,"NULL","NULL","NULL","NULL"
157,"SCI_FI","Show","True",2003,"Stargate SG-1","s07e10","Birthright",,"NULL","NULL","NULL","NULL"
158,"SCI_FI","Show","True",2003,"Stargate SG-1","s07e11","Evolution (1)",,"NULL","NULL","NULL","NULL"
159,"SCI_FI","Show","True",2003,"Stargate SG-1","s07e12","Evolution (2)",,"NULL","NULL","NULL","NULL"
160,"SCI_FI","Show","True",2004,"Stargate SG-1","s07e13","Grace",,"NULL","NULL","NULL","NULL"
161,"SCI_FI","Show","True",2004,"Stargate SG-1","s07e14","Fallout",,"NULL","NULL","NULL","NULL"
162,"SCI_FI","Show","True",2004,"Stargate SG-1","s07e15","Chimera",,"NULL","NULL","NULL","NULL"
163,"SCI_FI","Show","True",2004,"Stargate SG-1","s07e16","Death Knell",,"NULL","NULL","NULL","NULL"
164,"SCI_FI","Show","True",2004,"Stargate SG-1","s07e17","Heroes (1)",,"NULL","NULL","NULL","NULL"
165,"SCI_FI","Show","True",2004,"Stargate SG-1","s07e18","Heroes (2)",,"NULL","NULL","NULL","NULL"
166,"SCI_FI","Show","True",2004,"Stargate SG-1","s07e19","Resurrection",,"NULL","NULL","NULL","NULL"
167,"SCI_FI","Show","True",2004,"Stargate SG-1","s07e20","Inauguration",,"NULL","NULL","NULL","NULL"
168,"SCI_FI","Show","True",2004,"Stargate SG-1","s07e21","Lost City (1)",,"NULL","NULL","NULL","NULL"
169,"SCI_FI","Show","True",2004,"Stargate SG-1","s07e22","Lost City (2)",,"NULL","NULL","NULL","NULL"
170,"SCI_FI","Show","True",2004,"Stargate SG-1","s08e01","New Order (1)",,"NULL","NULL","NULL","NULL"
171,"SCI_FI","Show","True",2004,"Stargate SG-1","s08e02","New Order (2)",,"NULL","NULL","NULL","NULL"
172,"SCI_FI","Show","True",2004,"Stargate Atlantis","s01e01","Rising (1)",,"NULL","NULL","NULL","NULL"
173,"SCI_FI","Show","True",2004,"Stargate Atlantis","s01e01","Rising",,"NULL","NULL","NULL","NULL"
174,"SCI_FI","Show","True",2004,"Stargate Atlantis","s01e02","Rising (2)",,"NULL","NULL","NULL","NULL"
175,"SCI_FI","Show","True",2004,"Stargate Atlantis","s01e02","Rising",,"NULL","NULL","NULL","NULL"
176,"SCI_FI","Show","True",2004,"Stargate SG-1","s08e03","Lockdown",,"NULL","NULL","NULL","NULL"
177,"SCI_FI","Show","True",2004,"Stargate Atlantis","s01e03","Hide and Seek",,"NULL","NULL","NULL","NULL"
178,"SCI_FI","Show","True",2004,"Stargate SG-1","s08e04","Zero Hour",,"NULL","NULL","NULL","NULL"
179,"SCI_FI","Show","True",2004,"Stargate Atlantis","s01e04","Thirty-Eight Minutes",,"NULL","NULL","NULL","NULL"
180,"SCI_FI","Show","True",2004,"Stargate SG-1","s08e05","Icon",,"NULL","NULL","NULL","NULL"
181,"SCI_FI","Show","True",2004,"Stargate Atlantis","s01e05","Suspicion",,"NULL","NULL","NULL","NULL"
182,"SCI_FI","Show","True",2004,"Stargate SG-1","s08e06","Avatar",,"NULL","NULL","NULL","NULL"
183,"SCI_FI","Show","True",2004,"Stargate Atlantis","s01e06","Childhood's End",,"NULL","NULL","NULL","NULL"
184,"SCI_FI","Show","True",2004,"Stargate SG-1","s08e07","Affinity",,"NULL","NULL","NULL","NULL"
185,"SCI_FI","Show","True",2004,"Stargate Atlantis","s01e07","Poisoning the Well",,"NULL","NULL","NULL","NULL"
186,"SCI_FI","Show","True",2004,"Stargate SG-1","s08e08","Covenant",,"NULL","NULL","NULL","NULL"
187,"SCI_FI","Show","True",2004,"Stargate Atlantis","s01e08","Underground",,"NULL","NULL","NULL","NULL"
188,"SCI_FI","Show","True",2004,"Stargate SG-1","s08e09","Sacrifices",,"NULL","NULL","NULL","NULL"
189,"SCI_FI","Show","True",2004,"Stargate Atlantis","s01e09","Home",,"NULL","NULL","NULL","NULL"
190,"SCI_FI","Show","True",2004,"Stargate SG-1","s08e10","Endgame",,"NULL","NULL","NULL","NULL"
191,"SCI_FI","Show","True",2004,"Stargate Atlantis","s01e10","The Storm (1)",,"NULL","NULL","NULL","NULL"
192,"SCI_FI","Show","True",2004,"Stargate Atlantis","s01e11","The Eye (2)",,"NULL","NULL","NULL","NULL"
193,"SCI_FI","Show","True",2004,"Stargate SG-1","s08e11","Gemini",,"NULL","NULL","NULL","NULL"
194,"SCI_FI","Show","True",2004,"Stargate SG-1","s08e12","Prometheus Unbound",,"NULL","NULL","NULL","NULL"
195,"SCI_FI","Show","True",2005,"Stargate SG-1","s08e13","It's Good To Be King",,"NULL","NULL","NULL","NULL"
196,"SCI_FI","Show","True",2005,"Stargate SG-1","s08e14","Full Alert",,"NULL","NULL","NULL","NULL"
197,"SCI_FI","Show","True",2005,"Stargate SG-1","s08e15","Citizen Joe",,"NULL","NULL","NULL","NULL"
198,"SCI_FI","Show","True",2005,"Stargate SG-1","s08e16","Reckoning (1)",,"NULL","NULL","NULL","NULL"
199,"SCI_FI","Show","True",2005,"Stargate SG-1","s08e17","Reckoning (2)",,"NULL","NULL","NULL","NULL"
200,"SCI_FI","Show","True",2004,"Stargate Atlantis","s01e12","The Defiant One",,"NULL","NULL","NULL","NULL"
201,"SCI_FI","Show","True",2005,"Stargate SG-1","s08e18","Threads",,"NULL","NULL","NULL","NULL"
202,"SCI_FI","Show","True",2004,"Stargate Atlantis","s01e13","Hot Zone",,"NULL","NULL","NULL","NULL"
203,"SCI_FI","Show","True",2004,"Stargate Atlantis","s01e14","Sanctuary",,"NULL","NULL","NULL","NULL"
204,"SCI_FI","Show","True",2004,"Stargate Atlantis","s01e15","Before I Sleep",,"NULL","NULL","NULL","NULL"
205,"SCI_FI","Show","True",2005,"Stargate Atlantis","s01e16","The Brotherhood",,"NULL","NULL","NULL","NULL"
206,"SCI_FI","Show","True",2005,"Stargate Atlantis","s01e17","Letters from Pegasus",,"NULL","NULL","NULL","NULL"
207,"SCI_FI","Show","True",2005,"Stargate Atlantis","s01e18","The Gift",,"NULL","NULL","NULL","NULL"
208,"SCI_FI","Show","True",2005,"Stargate SG-1","s08e19","Moebius (1)",,"NULL","NULL","NULL","NULL"
209,"SCI_FI","Show","True",2005,"Stargate SG-1","s08e20","Moebius (2)",,"NULL","NULL","NULL","NULL"
210,"SCI_FI","Show","True",2005,"Stargate Atlantis","s01e19","The Siege (1)",,"NULL","NULL","NULL","NULL"
211,"SCI_FI","Show","True",2005,"Stargate Atlantis","s01e20","The Siege (2)",,"NULL","NULL","NULL","NULL"
212,"SCI_FI","Show","True",2005,"Stargate Atlantis","s02e01","The Siege (3)",,"NULL","NULL","NULL","NULL"
213,"SCI_FI","Show","True",2005,"Stargate SG-1","s09e01","Avalon (1)",,"NULL","NULL","NULL","NULL"
214,"SCI_FI","Show","True",2005,"Stargate SG-1","s09e01","Avalon",,"NULL","NULL","NULL","NULL"
215,"SCI_FI","Show","True",2005,"Stargate SG-1","s09e02","Avalon (2)",,"NULL","NULL","NULL","NULL"
216,"SCI_FI","Show","True",2005,"Stargate SG-1","s09e02","Avalon",,"NULL","NULL","NULL","NULL"
217,"SCI_FI","Show","True",2005,"Stargate SG-1","s09e03","Origin (3)",,"NULL","NULL","NULL","NULL"
218,"SCI_FI","Show","True",2005,"Stargate SG-1","s09e03","Origin",,"NULL","NULL","NULL","NULL"
219,"SCI_FI","Show","True",2005,"Stargate SG-1","s09e04","The Ties That Bind",,"NULL","NULL","NULL","NULL"
220,"SCI_FI","Show","True",2005,"Stargate Atlantis","s02e02","The Intruder",,"NULL","NULL","NULL","NULL"
221,"SCI_FI","Show","True",2005,"Stargate Atlantis","s02e03","Runner",,"NULL","NULL","NULL","NULL"
222,"SCI_FI","Show","True",2005,"Stargate Atlantis","s02e04","Duet",,"NULL","NULL","NULL","NULL"
223,"SCI_FI","Show","True",2005,"Stargate SG-1","s09e05","The Powers That Be",,"NULL","NULL","NULL","NULL"
224,"SCI_FI","Show","True",2005,"Stargate Atlantis","s02e05","Condemned",,"NULL","NULL","NULL","NULL"
225,"SCI_FI","Show","True",2005,"Stargate SG-1","s09e06","Beachhead",,"NULL","NULL","NULL","NULL"
226,"SCI_FI","Show","True",2005,"Stargate Atlantis","s02e06","Trinity",,"NULL","NULL","NULL","NULL"
227,"SCI_FI","Show","True",2005,"Stargate SG-1","s09e07","Ex Deus Machina",,"NULL","NULL","NULL","NULL"
228,"SCI_FI","Show","True",2005,"Stargate Atlantis","s02e07","Instinct",,"NULL","NULL","NULL","NULL"
229,"SCI_FI","Show","True",2005,"Stargate Atlantis","s02e08","Conversion",,"NULL","NULL","NULL","NULL"
230,"SCI_FI","Show","True",2005,"Stargate SG-1","s09e08","Babylon",,"NULL","NULL","NULL","NULL"
231,"SCI_FI","Show","True",2005,"Stargate SG-1","s09e09","Prototype",,"NULL","NULL","NULL","NULL"
232,"SCI_FI","Show","True",2005,"Stargate Atlantis","s02e09","Aurora",,"NULL","NULL","NULL","NULL"
233,"SCI_FI","Show","True",2005,"Stargate Atlantis","s02e10","The Lost Boys (1)",,"NULL","NULL","NULL","NULL"
234,"SCI_FI","Show","True",2005,"Stargate Atlantis","s02e11","The Hive (2)",,"NULL","NULL","NULL","NULL"
235,"SCI_FI","Show","True",2005,"Stargate Atlantis","s02e12","Epiphany",,"NULL","NULL","NULL","NULL"
236,"SCI_FI","Show","True",2005,"Stargate Atlantis","s02e13","Critical Mass",,"NULL","NULL","NULL","NULL"
237,"SCI_FI","Show","True",2005,"Stargate Atlantis","s02e14","Grace Under Pressure",,"NULL","NULL","NULL","NULL"
238,"SCI_FI","Show","True",2005,"Stargate Atlantis","s02e15","The Tower",,"NULL","NULL","NULL","NULL"
239,"SCI_FI","Show","True",2006,"Stargate Atlantis","s02e16","The Long Goodbye",,"NULL","NULL","NULL","NULL"
240,"SCI_FI","Show","True",2005,"Stargate SG-1","s09e10","The Fourth Horseman (1)",,"NULL","NULL","NULL","NULL"
241,"SCI_FI","Show","True",2006,"Stargate SG-1","s09e11","The Fourth Horseman (2)",,"NULL","NULL","NULL","NULL"
242,"SCI_FI","Show","True",2006,"Stargate Atlantis","s02e17","Coup D'Etat",,"NULL","NULL","NULL","NULL"
243,"SCI_FI","Show","True",2006,"Stargate SG-1","s09e12","Collateral Damage",,"NULL","NULL","NULL","NULL"
244,"SCI_FI","Show","True",2006,"Stargate Atlantis","s02e18","Michael",,"NULL","NULL","NULL","NULL"
245,"SCI_FI","Show","True",2006,"Stargate SG-1","s09e13","Ripple Effect",,"NULL","NULL","NULL","NULL"
246,"SCI_FI","Show","True",2006,"Stargate Atlantis","s02e19","Inferno",,"NULL","NULL","NULL","NULL"
247,"SCI_FI","Show","True",2006,"Stargate SG-1","s09e14","Stronghold",,"NULL","NULL","NULL","NULL"
248,"SCI_FI","Show","True",2006,"Stargate Atlantis","s02e20","Allies (1)",,"NULL","NULL","NULL","NULL"
249,"SCI_FI","Show","True",2006,"Stargate Atlantis","s03e01","No Man's Land (2)",,"NULL","NULL","NULL","NULL"
250,"SCI_FI","Show","True",2006,"Stargate Atlantis","s03e02","Misbegotten (3)",,"NULL","NULL","NULL","NULL"
251,"SCI_FI","Show","True",2006,"Stargate SG-1","s09e15","Ethon",,"NULL","NULL","NULL","NULL"
252,"SCI_FI","Show","True",2006,"Stargate SG-1","s09e16","Off the Grid",,"NULL","NULL","NULL","NULL"
253,"SCI_FI","Show","True",2006,"Stargate SG-1","s09e17","The Scourge",,"NULL","NULL","NULL","NULL"
254,"SCI_FI","Show","True",2006,"Stargate SG-1","s09e18","Arthur's Mantle",,"NULL","NULL","NULL","NULL"
255,"SCI_FI","Show","True",2006,"Stargate SG-1","s09e19","Crusade",,"NULL","NULL","NULL","NULL"
256,"SCI_FI","Show","True",2006,"Stargate SG-1","s09e20","Camelot",,"NULL","NULL","NULL","NULL"
257,"SCI_FI","Show","True",2006,"Stargate SG-1","s10e01","Flesh and Blood",,"NULL","NULL","NULL","NULL"
258,"SCI_FI","Show","True",2006,"Stargate SG-1","s10e02","Morpheus",,"NULL","NULL","NULL","NULL"
259,"SCI_FI","Show","True",2006,"Stargate SG-1","s10e03","The Pegasus Project",,"NULL","NULL","NULL","NULL"
260,"SCI_FI","Show","True",2006,"Stargate Atlantis","s03e03","Irresistible",,"NULL","NULL","NULL","NULL"
261,"SCI_FI","Show","True",2006,"Stargate SG-1","s10e04","Insiders",,"NULL","NULL","NULL","NULL"
262,"SCI_FI","Show","True",2006,"Stargate Atlantis","s03e04","Sateda",,"NULL","NULL","NULL","NULL"
263,"SCI_FI","Show","True",2006,"Stargate SG-1","s10e05","Uninvited",,"NULL","NULL","NULL","NULL"
264,"SCI_FI","Show","True",2006,"Stargate Atlantis","s03e05","Progeny",,"NULL","NULL","NULL","NULL"
265,"SCI_FI","Show","True",2006,"Stargate Atlantis","s03e06","The Real World",,"NULL","NULL","NULL","NULL"
266,"SCI_FI","Show","True",2006,"Stargate SG-1","s10e06","200",,"NULL","NULL","NULL","NULL"
267,"SCI_FI","Show","True",2006,"Stargate SG-1","s10e07","Counterstrike",,"NULL","NULL","NULL","NULL"
268,"SCI_FI","Show","True",2006,"Stargate Atlantis","s03e07","Common Ground",,"NULL","NULL","NULL","NULL"
269,"SCI_FI","Show","True",2006,"Stargate SG-1","s10e08","Memento Mori",,"NULL","NULL","NULL","NULL"
270,"SCI_FI","Show","True",2006,"Stargate Atlantis","s03e08","McKay and Mrs. Miller",,"NULL","NULL","NULL","NULL"
271,"SCI_FI","Show","True",2006,"Stargate SG-1","s10e09","Company of Thieves",,"NULL","NULL","NULL","NULL"
272,"SCI_FI","Show","True",2006,"Stargate Atlantis","s03e09","Phantoms",,"NULL","NULL","NULL","NULL"
273,"SCI_FI","Show","True",2006,"Stargate Atlantis","s03e10","The Return (1)",,"NULL","NULL","NULL","NULL"
274,"SCI_FI","Show","True",2006,"Stargate Atlantis","s03e11","The Return (2)",,"NULL","NULL","NULL","NULL"
275,"SCI_FI","Show","True",2006,"Stargate Atlantis","s03e12","Echoes",,"NULL","NULL","NULL","NULL"
276,"SCI_FI","Show","True",2006,"Stargate Atlantis","s03e13","Irresponsible",,"NULL","NULL","NULL","NULL"
277,"SCI_FI","Show","True",2006,"Stargate Atlantis","s03e14","Tao of Rodney",,"NULL","NULL","NULL","NULL"
278,"SCI_FI","Show","True",2006,"Stargate Atlantis","s03e15","The Game",,"NULL","NULL","NULL","NULL"
279,"SCI_FI","Show","True",2007,"Stargate Atlantis","s03e16","The Ark",,"NULL","NULL","NULL","NULL"
280,"SCI_FI","Show","True",2006,"Stargate SG-1","s10e10","The Quest (1)",,"NULL","NULL","NULL","NULL"
281,"SCI_FI","Show","True",2007,"Stargate SG-1","s10e11","The Quest (2)",,"NULL","NULL","NULL","NULL"
282,"SCI_FI","Show","True",2007,"Stargate Atlantis","s03e17","Sunday",,"NULL","NULL","NULL","NULL"
283,"SCI_FI","Show","True",2007,"Stargate SG-1","s10e12","Line in the Sand",,"NULL","NULL","NULL","NULL"
284,"SCI_FI","Show","True",2007,"Stargate Atlantis","s03e18","Submersion",,"NULL","NULL","NULL","NULL"
285,"SCI_FI","Show","True",2007,"Stargate SG-1","s10e13","The Road Not Taken",,"NULL","NULL","NULL","NULL"
286,"SCI_FI","Show","True",2007,"Stargate Atlantis","s03e19","Vengeance",,"NULL","NULL","NULL","NULL"
287,"SCI_FI","Show","True",2007,"Stargate SG-1","s10e14","The Shroud",,"NULL","NULL","NULL","NULL"
288,"SCI_FI","Show","True",2007,"Stargate SG-1","s10e15","Bounty",,"NULL","NULL","NULL","NULL"
289,"SCI_FI","Show","True",2007,"Stargate SG-1","s10e16","Bad Guys",,"NULL","NULL","NULL","NULL"
290,"SCI_FI","Show","True",2007,"Stargate SG-1","s10e17","Talion",,"NULL","NULL","NULL","NULL"
291,"SCI_FI","Show","True",2007,"Stargate SG-1","s10e18","Family Ties",,"NULL","NULL","NULL","NULL"
292,"SCI_FI","Show","True",2007,"Stargate SG-1","s10e19","Dominion",,"NULL","NULL","NULL","NULL"
293,"SCI_FI","Show","True",2007,"Stargate SG-1","s10e20","Unending",,"NULL","NULL","NULL","NULL"
294,"MGM","Film","True",2008,"FILMS",,"Stargate: The Ark of Truth",,"NULL","NULL","NULL","NULL"
295,"SCI_FI","Show","True",2007,"Stargate Atlantis","s03e20","First Strike (1)",,"NULL","NULL","NULL","NULL"
296,"SCI_FI","Show","True",2007,"Stargate Atlantis","s04e01","Adrift (2)",,"NULL","NULL","NULL","NULL"
297,"SCI_FI","Show","True",2007,"Stargate Atlantis","s04e02","Lifeline (3)",,"NULL","NULL","NULL","NULL"
298,"SCI_FI","Show","True",2007,"Stargate Atlantis","s04e03","Reunion",,"NULL","NULL","NULL","NULL"
299,"SCI_FI","Show","True",2007,"Stargate Atlantis","s04e04","Doppelganger",,"NULL","NULL","NULL","NULL"
300,"SCI_FI","Show","True",2007,"Stargate Atlantis","s04e05","Travelers",,"NULL","NULL","NULL","NULL"
301,"SCI_FI","Show","True",2007,"Stargate Atlantis","s04e06","Tabula Rasa",,"NULL","NULL","NULL","NULL"
302,"SCI_FI","Show","True",2007,"Stargate Atlantis","s04e07","Missing",,"NULL","NULL","NULL","NULL"
303,"SCI_FI","Show","True",2007,"Stargate Atlantis","s04e08","The Seer",,"NULL","NULL","NULL","NULL"
304,"SCI_FI","Show","True",2007,"Stargate Atlantis","s04e09","Miller's Crossing",,"NULL","NULL","NULL","NULL"
305,"SCI_FI","Show","True",2007,"Stargate Atlantis","s04e10","This Mortal Coil (1)",,"NULL","NULL","NULL","NULL"
306,"SCI_FI","Show","True",2008,"Stargate Atlantis","s04e11","Be All My Sins Remember'd (2)",,"NULL","NULL","NULL","NULL"
307,"SCI_FI","Show","True",2008,"Stargate Atlantis","s04e12","Spoils of War",,"NULL","NULL","NULL","NULL"
308,"SCI_FI","Show","True",2008,"Stargate Atlantis","s04e13","Quarantine",,"NULL","NULL","NULL","NULL"
309,"SCI_FI","Show","True",2008,"Stargate Atlantis","s04e14","Harmony",,"NULL","NULL","NULL","NULL"
310,"SCI_FI","Show","True",2008,"Stargate Atlantis","s04e15","Outcast",,"NULL","NULL","NULL","NULL"
311,"SCI_FI","Show","True",2008,"Stargate Atlantis","s04e16","Trio",,"NULL","NULL","NULL","NULL"
312,"SCI_FI","Show","True",2008,"Stargate Atlantis","s04e17","Midway",,"NULL","NULL","NULL","NULL"
313,"SCI_FI","Show","True",2008,"Stargate Atlantis","s04e18","The Kindred (1)",,"NULL","NULL","NULL","NULL"
314,"SCI_FI","Show","True",2008,"Stargate Atlantis","s04e19","The Kindred (2)",,"NULL","NULL","NULL","NULL"
315,"SCI_FI","Show","True",2008,"Stargate Atlantis","s04e20","The Last Man (1)",,"NULL","NULL","NULL","NULL"
316,"SCI_FI","Show","True",2008,"Stargate Atlantis","s05e01","Search and Rescue (2)",,"NULL","NULL","NULL","NULL"
317,"MGM","Film","True",2008,"FILMS",,"Stargate: Continuum",,"NULL","NULL","NULL","NULL"
318,"SCI_FI","Show","True",2008,"Stargate Atlantis","s05e02","The Seed",,"NULL","NULL","NULL","NULL"
319,"SCI_FI","Show","True",2008,"Stargate Atlantis","s05e03","Broken Ties",,"NULL","NULL","NULL","NULL"
320,"SCI_FI","Show","True",2008,"Stargate Atlantis","s05e04","The Daedalus Variations",,"NULL","NULL","NULL","NULL"
321,"SCI_FI","Show","True",2008,"Stargate Atlantis","s05e05","Ghost in the Machine",,"NULL","NULL","NULL","NULL"
322,"SCI_FI","Show","True",2008,"Stargate Atlantis","s05e06","The Shrine",,"NULL","NULL","NULL","NULL"
323,"SCI_FI","Show","True",2008,"Stargate Atlantis","s05e07","Whispers",,"NULL","NULL","NULL","NULL"
324,"SCI_FI","Show","True",2008,"Stargate Atlantis","s05e08","The Queen",,"NULL","NULL","NULL","NULL"
325,"SCI_FI","Show","True",2008,"Stargate Atlantis","s05e09","Tracker",,"NULL","NULL","NULL","NULL"
326,"SCI_FI","Show","True",2008,"Stargate Atlantis","s05e10","First Contact (1)",,"NULL","NULL","NULL","NULL"
327,"SCI_FI","Show","True",2008,"Stargate Atlantis","s05e11","The Lost Tribe (2)",,"NULL","NULL","NULL","NULL"
328,"SCI_FI","Show","True",2008,"Stargate Atlantis","s05e12","Outsiders",,"NULL","NULL","NULL","NULL"
329,"SCI_FI","Show","True",2008,"Stargate Atlantis","s05e13","Inquisition",,"NULL","NULL","NULL","NULL"
330,"SCI_FI","Show","True",2008,"Stargate Atlantis","s05e14","The Prodigal",,"NULL","NULL","NULL","NULL"
331,"SCI_FI","Show","True",2008,"Stargate Atlantis","s05e15","Remnants",,"NULL","NULL","NULL","NULL"
332,"SCI_FI","Show","True",2008,"Stargate Atlantis","s05e16","Brain Storm",,"NULL","NULL","NULL","NULL"
333,"SCI_FI","Show","True",2008,"Stargate Atlantis","s05e17","Infection",,"NULL","NULL","NULL","NULL"
334,"SCI_FI","Show","True",2008,"Stargate Atlantis","s05e18","Identity",,"NULL","NULL","NULL","NULL"
335,"SCI_FI","Show","True",2009,"Stargate Atlantis","s05e19","Vegas",,"NULL","NULL","NULL","NULL"
336,"SCI_FI","Show","True",2009,"Stargate Atlantis","s05e20","Enemy at the Gate",,"NULL","NULL","NULL","NULL"
337,"SCI_FI","Show","True",2009,"Stargate Universe","s01e01","Air (1)",,"NULL","NULL","NULL","NULL"
338,"SCI_FI","Show","True",2009,"Stargate Universe","s01e02","Air (2)",,"NULL","NULL","NULL","NULL"
339,"SCI_FI","Show","True",2009,"Stargate Universe","s01e03","Air (3)",,"NULL","NULL","NULL","NULL"
340,"SCI_FI","Show","True",2009,"Stargate Universe","s01e04","Darkness",,"NULL","NULL","NULL","NULL"
341,"SCI_FI","Show","True",2009,"Stargate Universe","s01e05","Light",,"NULL","NULL","NULL","NULL"
342,"SCI_FI","Show","True",2009,"Stargate Universe","s01e06","Water",,"NULL","NULL","NULL","NULL"
343,"SCI_FI","Show","True",2009,"Stargate Universe","s01e07","Earth",,"NULL","NULL","NULL","NULL"
344,"SCI_FI","Show","True",2009,"Stargate Universe","s01e08","Time",,"NULL","NULL","NULL","NULL"
345,"SCI_FI","Show","True",2009,"Stargate Universe","s01e09","Life",,"NULL","NULL","NULL","NULL"
346,"SCI_FI","Show","True",2010,"Stargate Universe","s01e10","Justice",,"NULL","NULL","NULL","NULL"
347,"SCI_FI","Show","True",2010,"Stargate Universe","s01e11","Space (1)",,"NULL","NULL","NULL","NULL"
348,"SCI_FI","Show","True",2010,"Stargate Universe","s01e12","Divided (2)",,"NULL","NULL","NULL","NULL"
349,"SCI_FI","Show","True",2010,"Stargate Universe","s01e13","Faith",,"NULL","NULL","NULL","NULL"
350,"SCI_FI","Show","True",2010,"Stargate Universe","s01e14","Human",,"NULL","NULL","NULL","NULL"
351,"SCI_FI","Show","True",2010,"Stargate Universe","s01e15","Lost",,"NULL","NULL","NULL","NULL"
352,"SCI_FI","Show","True",2010,"Stargate Universe","s01e16","Sabotage",,"NULL","NULL","NULL","NULL"
353,"SCI_FI","Show","True",2010,"Stargate Universe","s01e17","Pain",,"NULL","NULL","NULL","NULL"
354,"SCI_FI","Show","True",2010,"Stargate Universe","s01e18","Subversion",,"NULL","NULL","NULL","NULL"
355,"SCI_FI","Show","True",2010,"Stargate Universe","s01e19","Incursion (1)",,"NULL","NULL","NULL","NULL"
356,"SCI_FI","Show","True",2010,"Stargate Universe","s01e20","Incursion (2)",,"NULL","NULL","NULL","NULL"
357,"SCI_FI","Show","True",2010,"Stargate Universe","s02e01","Intervention (3)",,"NULL","NULL","NULL","NULL"
358,"SCI_FI","Show","True",2010,"Stargate Universe","s02e02","Aftermath",,"NULL","NULL","NULL","NULL"
359,"SCI_FI","Show","True",2010,"Stargate Universe","s02e03","Awakening",,"NULL","NULL","NULL","NULL"
360,"SCI_FI","Show","True",2010,"Stargate Universe","s02e04","Pathogen",,"NULL","NULL","NULL","NULL"
361,"SCI_FI","Show","True",2010,"Stargate Universe","s02e05","Cloverdale",,"NULL","NULL","NULL","NULL"
362,"SCI_FI","Show","True",2010,"Stargate Universe","s02e06","Trial and Error",,"NULL","NULL","NULL","NULL"
363,"SCI_FI","Show","True",2010,"Stargate Universe","s02e07","The Greater Good",,"NULL","NULL","NULL","NULL"
364,"SCI_FI","Show","True",2010,"Stargate Universe","s02e08","Malice",,"NULL","NULL","NULL","NULL"
365,"SCI_FI","Show","True",2010,"Stargate Universe","s02e09","Visitation",,"NULL","NULL","NULL","NULL"
366,"SCI_FI","Show","True",2010,"Stargate Universe","s02e10","Resurgence (1)",,"NULL","NULL","NULL","NULL"
367,"SCI_FI","Show","True",2011,"Stargate Universe","s02e11","Deliverance (2)",,"NULL","NULL","NULL","NULL"
368,"SCI_FI","Show","True",2011,"Stargate Universe","s02e12","Twin Destinies",,"NULL","NULL","NULL","NULL"
369,"SCI_FI","Show","True",2011,"Stargate Universe","s02e13","Alliances",,"NULL","NULL","NULL","NULL"
370,"SCI_FI","Show","True",2011,"Stargate Universe","s02e14","Hope",,"NULL","NULL","NULL","NULL"
371,"SCI_FI","Show","True",2011,"Stargate Universe","s02e15","Seizure",,"NULL","NULL","NULL","NULL"
372,"SCI_FI","Show","True",2011,"Stargate Universe","s02e16","The Hunt",,"NULL","NULL","NULL","NULL"
373,"SCI_FI","Show","True",2011,"Stargate Universe","s02e17","Common Descent (1)",,"NULL","NULL","NULL","NULL"
374,"SCI_FI","Show","True",2011,"Stargate Universe","s02e18","Epilogue (2)",,"NULL","NULL","NULL","NULL"
375,"SCI_FI","Show","True",2011,"Stargate Universe","s02e19","Blockade",,"NULL","NULL","NULL","NULL"
376,"SCI_FI","Show","True",2011,"Stargate Universe","s02e20","Gauntlet",,"NULL","NULL","NULL","NULL"
377,"FOX","Show","False",2002,"Stargate: Infinity","s01e01","Decision",,"NULL","NULL","NULL","NULL"
378,"FOX","Show","False",2002,"Stargate: Infinity","s01e02","Double Duty",,"NULL","NULL","NULL","NULL"
379,"FOX","Show","False",2002,"Stargate: Infinity","s01e03","The Best World",,"NULL","NULL","NULL","NULL"
380,"FOX","Show","False",2002,"Stargate: Infinity","s01e04","Coming Home",,"NULL","NULL","NULL","NULL"
381,"FOX","Show","False",2002,"Stargate: Infinity","s01e05","Mentor",,"NULL","NULL","NULL","NULL"
382,"FOX","Show","False",2002,"Stargate: Infinity","s01e06","Hot Water",,"NULL","NULL","NULL","NULL"
383,"FOX","Show","False",2002,"Stargate: Infinity","s01e07","Phobia",,"NULL","NULL","NULL","NULL"
384,"FOX","Show","False",2002,"Stargate: Infinity","s01e08","Can I Keep It?",,"NULL","NULL","NULL","NULL"
385,"FOX","Show","False",2002,"Stargate: Infinity","s01e09","Who Are You?",,"NULL","NULL","NULL","NULL"
386,"FOX","Show","False",2002,"Stargate: Infinity","s01e10","Greed",,"NULL","NULL","NULL","NULL"
387,"FOX","Show","False",2002,"Stargate: Infinity","s01e11","Stones",,"NULL","NULL","NULL","NULL"
388,"FOX","Show","False",2002,"Stargate: Infinity","s01e12","Initiation",,"NULL","NULL","NULL","NULL"
389,"FOX","Show","False",2002,"Stargate: Infinity","s01e13","The Mother of Invention",,"NULL","NULL","NULL","NULL"
390,"FOX","Show","False",2002,"Stargate: Infinity","s01e14","Reality",,"NULL","NULL","NULL","NULL"
391,"FOX","Show","False",2003,"Stargate: Infinity","s01e15","Museum",,"NULL","NULL","NULL","NULL"
392,"FOX","Show","False",2003,"Stargate: Infinity","s01e16","Us and Them",,"NULL","NULL","NULL","NULL"
393,"FOX","Show","False",2003,"Stargate: Infinity","s01e17","The Face of Evil",,"NULL","NULL","NULL","NULL"
394,"FOX","Show","False",2003,"Stargate: Infinity","s01e18","The Key",,"NULL","NULL","NULL","NULL"
395,"FOX","Show","False",2003,"Stargate: Infinity","s01e19","Chariot of the Sun",,"NULL","NULL","NULL","NULL"
396,"FOX","Show","False",2003,"Stargate: Infinity","s01e20","The Answer",,"NULL","NULL","NULL","NULL"
397,"FOX","Show","False",2003,"Stargate: Infinity","s01e21","The Look",,"NULL","NULL","NULL","NULL"
398,"FOX","Show","False",2003,"Stargate: Infinity","s01e22","Feet of Clay",,"NULL","NULL","NULL","NULL"
399,"FOX","Show","False",2003,"Stargate: Infinity","s01e23","The Natural",,"NULL","NULL","NULL","NULL"
400,"FOX","Show","False",2003,"Stargate: Infinity","s01e24","Big Mistake",,"NULL","NULL","NULL","NULL"
401,"FOX","Show","False",2003,"Stargate: Infinity","s01e25","The Illustrated Stacey",,"NULL","NULL","NULL","NULL"
402,"FOX","Show","False",2003,"Stargate: Infinity","s01e26","The Long Haul",,"NULL","NULL","NULL","NULL"
